Model,Configuration,Price
iPhone 15 Pro Max,256GB 8GB RAM,"$ 1,089.00"
iPhone 15 Pro Max,512GB 8GB RAM,"$ 1,289.97"
iPhone 15 Pro Max,1TB 8GB RAM,"$ 1,449.95"
iPhone 15 Pro,128GB 8GB RAM,$ 896.88
iPhone 15 Pro,256GB 8GB RAM,$ 977.56
iPhone 15 Pro,512GB 8GB RAM,"$ 1,056.90"
iPhone 15 Plus,128GB 6GB RAM,$ 748.00
iPhone 15 Plus,256GB 6GB RAM,$ 823.35
iPhone 15 Plus,512GB 6GB RAM,"$ 1,139.97"
iPhone 15,128GB 6GB RAM,$ 701.95
iPhone 15,256GB 6GB RAM,$ 767.70
iPhone 15,512GB 6GB RAM,$ 967.94
iPhone 14 Pro Max,128GB 6GB RAM,$ 794.35
iPhone 14 Pro Max,256GB 6GB RAM,$ 862.60
iPhone 14 Pro Max,512GB 6GB RAM,$ 911.85
iPhone 14 Pro,128GB 6GB RAM,$ 689.97
iPhone 14 Pro,256GB 6GB RAM,$ 734.95
iPhone 14 Pro,512GB 6GB RAM,$ 769.77
iPhone 14 Plus,128GB 6GB RAM,$ 520.00
iPhone 14 Plus,256GB 6GB RAM,$ 618.95
iPhone 14 Plus,512GB 6GB RAM,$ 670.20
iPhone 14,128GB 6GB RAM,$ 523.69
iPhone 14,256GB 6GB RAM,$ 599.53
iPhone 14,512GB 6GB RAM,$ 669.00
iPhone SE (2022),64GB 4GB RAM,$ 129.97
iPhone SE (2022),128GB 4GB RAM,$ 289.99
iPhone SE (2022),256GB 4GB RAM,$ 314.95
iPhone 13 Pro Max,128GB 6GB RAM,$ 580.82
iPhone 13 Pro Max,256GB 6GB RAM,$ 630.16
iPhone 13 Pro Max,512GB 6GB RAM,$ 764.97
iPhone 13 Pro,128GB 6GB RAM,$ 514.25
iPhone 13 Pro,256GB 6GB RAM,$ 548.60
iPhone 13 Pro,512GB 6GB RAM,$ 629.97
iPhone 13,128GB 4GB RAM,$ 382.97
iPhone 13,256GB 4GB RAM,$ 459.00
iPhone 13,512GB 4GB RAM,$ 502.90
iPhone 13 mini,128GB 4GB RAM,$ 389.54
iPhone 13 mini,256GB 4GB RAM,$ 469.00
iPhone 13 mini,512GB 4GB RAM,$ 789.99
iPhone 12 Pro Max,128GB 6GB RAM,$ 440.89
iPhone 12 Pro Max,256GB 6GB RAM,$ 494.21
iPhone 12 Pro Max,512GB 6GB RAM,$ 505.00
iPhone 12 Pro,128GB 6GB RAM,$ 372.07
iPhone 12 Pro,256GB 6GB RAM,$ 388.00
iPhone 12 Pro,512GB 6GB RAM,$ 427.99
iPhone 12,64GB 4GB RAM,$ 253.00
iPhone 12,128GB 4GB RAM,$ 319.99
iPhone 12,256GB 4GB RAM,$ 370.00
iPhone 12 mini,64GB 4GB RAM,$ 244.61
iPhone 12 mini,128GB 4GB RAM,$ 276.62
iPhone 12 mini,256GB 4GB RAM,$ 286.00
iPhone SE (2020),64GB 3GB RAM,$ 136.00
iPhone SE (2020),128GB 3GB RAM,$ 161.70
iPhone SE (2020),256GB 3GB RAM,$ 173.48
iPhone 11 Pro Max,64GB 4GB RAM,$ 246.05
iPhone 11 Pro Max,256GB 4GB RAM,$ 383.95
iPhone 11 Pro Max,512GB 4GB RAM,$ 414.00
iPhone 11 Pro,64GB 4GB RAM,$ 279.42
iPhone 11 Pro,256GB 4GB RAM,$ 325.95
iPhone 11 Pro,512GB 4GB RAM,$ 357.00
iPhone 11,64GB 4GB RAM,$ 224.00
iPhone 11,128GB 4GB RAM,$ 249.90
iPhone 11,256GB 4GB RAM,$ 294.00
iPhone XS Max,64GB 4GB RAM,$ 220.00
iPhone XS Max,256GB 4GB RAM,$ 249.99
iPhone XS Max,512GB 4GB RAM,$ 289.00
iPhone XS,64GB 4GB RAM,$ 168.99
iPhone XS,256GB 4GB RAM,$ 194.00
iPhone XS,512GB 4GB RAM,$ 249.85
iPhone XR,64GB 3GB RAM,$ 180.00
iPhone XR,128GB 3GB RAM,$ 214.95
iPhone XR,256GB 3GB RAM,$ 220.00
iPhone X,64GB 3GB RAM,$ 351.12
iPhone X,256GB 3GB RAM,$ 192.95
ROG Phone 8 Pro,512GB 16GB RAM,"$ 1,350.00"
ROG Phone 8 Pro,1TB 24GB RAM,"$ 1,990.00"
ROG Phone 8,256GB 16GB RAM,$ 975.00
ROG Phone 8,256GB 12GB RAM,"€ 1,099.99"
Zenfone 10,128GB 8GB RAM,$ 599.99
Zenfone 10,256GB 8GB RAM,$ 649.99
Zenfone 10,512GB 16GB RAM,$ 839.99
ROG Phone 7,256GB 12GB RAM,$ 799.99
ROG Phone 7,512GB 16GB RAM,$ 929.99
ROG Phone 6D,256GB 12GB RAM,$ 899.00
ROG Phone 6D,256GB 16GB RAM,"$ 1,059.99"
Zenfone 9,128GB 8GB RAM,$ 449.00
Zenfone 9,256GB 8GB RAM,$ 549.99
Zenfone 9,256GB 16GB RAM,$ 889.99
ROG Phone 6,128GB 8GB RAM,$ 599.00
ROG Phone 6,128GB 12GB RAM,$ 689.99
ROG Phone 6,256GB 12GB RAM,"$ 1,199.00"
Zenfone 8,128GB 8GB RAM,$ 349.99
Zenfone 8,256GB 8GB RAM,$ 599.99
Zenfone 8,256GB 12GB RAM,$ 789.00
ROG Phone 5,128GB 12GB RAM,"$ 1,769.00"
ROG Phone 5,256GB 12GB RAM,"$ 1,769.00"
ROG Phone 5,256GB 16GB RAM,$ 589.00
U23 Pro,256GB 8GB RAM,$ 714.01
U23 Pro,256GB 12GB RAM,$ 399.99
nova 11i,128GB 8GB RAM,$ 385.00
nova 11 Pro,256GB,$ 600.00
nova 11,128GB 8GB RAM,$ 420.00
nova 11,256GB 8GB RAM,$ 349.20
Mate X3,512GB 12GB RAM,"$ 1,999.00"
P60 Pro,256GB 8GB RAM,"$ 1,190.00"
P60 Pro,512GB 12GB RAM,"$ 1,290.00"
nova 10 SE,128GB 8GB RAM,$ 329.99
Mate 50 Pro,256GB 8GB RAM,$ 799.00
nova Y90,128GB 6GB RAM,$ 579.00
nova Y70 Plus,128GB 4GB RAM,$ 445.00
nova Y70 Plus,64GB 4GB RAM,€ 129.95
nova 9 SE,128GB 8GB RAM,$ 279.99
nova 9,128GB 8GB RAM,$ 580.45
P50 Pro,256GB 8GB RAM,€ 518.99
nova 8i,128GB 6GB RAM,$ 479.00
P40 Pro,256GB 8GB RAM,$ 565.00
P40 lite,128GB 6GB RAM,$ 249.99
P40 lite,128GB 8GB RAM,$ 189.00
P30,128GB 6GB RAM,$ 349.00
P30,128GB 8GB RAM,"$ 1,249.64"
Zero 30,256GB 8GB RAM,"₹ 24,200"
Zero 30,256GB 12GB RAM,"₹ 23,998"
Hot 30 5G,128GB 8GB RAM,"₹ 12,499"
Note 30 5G,256GB 8GB RAM,"₹ 15,399"
Hot 30i,64GB 4GB RAM,"₹ 7,798"
Hot 30i,128GB 8GB RAM,"₹ 7,699"
Note 12 Pro 5G,128GB 8GB RAM,$ 172.07
Hot 12 Play,64GB 4GB RAM,$ 92.70
Hot 12 Play,128GB 4GB RAM,$ 92.70
Note 12 G96,128GB 8GB RAM,$ 161.99
Hot 11s,64GB 4GB RAM,"₹ 10,490"
Hot 11s,128GB 4GB RAM,"₹ 7,195"
Zero X Pro,128GB 8GB RAM,$ 187.44
Note 10 Pro,256GB 8GB RAM,"₹ 13,499"
Note 10,64GB 4GB RAM,"₹ 8,299"
Hot 10s,64GB 4GB RAM,"₹ 8,499"
Hot 10s,64GB 6GB RAM,"₹ 8,199"
Hot 10 Play,64GB 4GB RAM,"₹ 8,490"
G42,128GB 4GB RAM,$ 379.00
G42,128GB 6GB RAM,$ 257.60
G42,256GB 8GB RAM,$ 635.00
C32,64GB 3GB RAM,$ 355.00
C32,64GB 4GB RAM,$ 164.99
C32,128GB 4GB RAM,$ 355.00
C22,64GB 2GB RAM,$ 137.69
G22,64GB 4GB RAM,$ 138.55
G22,128GB 4GB RAM,$ 249.99
C12,64GB 2GB RAM,$ 231.00
X30,128GB 6GB RAM,$ 479.00
X30,256GB 8GB RAM,$ 479.99
G100,32GB 3GB RAM,$ 55.96
G100,128GB 4GB RAM,$ 72.27
C31,128GB 4GB RAM,$ 335.00
C31,64GB 4GB RAM,€ 91.57
C21 Plus,32GB 2GB RAM,$ 233.00
C21 Plus,64GB 4GB RAM,$ 409.00
C21 Plus,32GB 3GB RAM,€ 82.87
G11,32GB 3GB RAM,$ 255.00
G11,64GB 4GB RAM,$ 285.00
G21,64GB 4GB RAM,$ 159.99
G21,128GB 4GB RAM,$ 289.99
G21,128GB 6GB RAM,$ 169.00
XR20,64GB 4GB RAM,$ 469.00
XR20,128GB 6GB RAM,$ 429.99
X20,128GB 6GB RAM,$ 399.00
X20,128GB 8GB RAM,$ 399.00
Galaxy S24 Ultra,256GB 12GB RAM,"$ 1,260.00"
Galaxy S24 Ultra,512GB 12GB RAM,"$ 1,299.99"
Galaxy S24 Ultra,1TB 12GB RAM,"$ 1,419.99"
Galaxy S24+,256GB 12GB RAM,$ 912.00
Galaxy S24+,512GB 12GB RAM,"$ 1,119.99"
Galaxy S24,128GB 8GB RAM,$ 799.99
Galaxy S24,256GB 8GB RAM,$ 795.00
Galaxy S24,512GB 8GB RAM,"₹ 83,250"
Galaxy A25,128GB 6GB RAM,$ 247.47
Galaxy A25,256GB 8GB RAM,$ 289.99
Galaxy A25,128GB 8GB RAM,"₹ 26,499"
Galaxy A15 5G,128GB 4GB RAM,$ 200.00
Galaxy A15 5G,128GB 6GB RAM,$ 199.99
Galaxy A15 5G,256GB 8GB RAM,$ 243.00
Galaxy A15,128GB 6GB RAM,$ 169.87
Galaxy A15,128GB 4GB RAM,€ 175.00
Galaxy S23 FE,128GB 8GB RAM,$ 529.99
Galaxy S23 FE,256GB 8GB RAM,$ 549.99
Galaxy Tab S9 FE+,128GB 8GB RAM,C$ 799.99
Galaxy Tab S9 FE+,256GB 12GB RAM,C$ 799.99
Galaxy Tab S9 FE,128GB 6GB RAM,C$ 590.26
Galaxy Tab S9 FE,256GB 8GB RAM,C$ 699.98
Galaxy A05s,128GB 4GB RAM,$ 139.99
Galaxy A05s,64GB 4GB RAM,€ 151.86
Galaxy A05s,128GB 6GB RAM,€ 141.00
Galaxy A05,64GB 4GB RAM,$ 129.97
Galaxy A05,128GB 4GB RAM,$ 121.87
Galaxy A05,128GB 6GB RAM,£ 124.99
Galaxy F34,128GB 6GB RAM,"₹ 16,999"
Galaxy Z Fold5,256GB 12GB RAM,"$ 1,349.97"
Galaxy Z Fold5,512GB 12GB RAM,"$ 1,485.85"
Galaxy Z Fold5,1TB 12GB RAM,"$ 2,159.99"
Galaxy Z Flip5,256GB 8GB RAM,$ 509.99
Galaxy Z Flip5,512GB 8GB RAM,$ 537.51
Galaxy M34 5G,128GB 6GB RAM,"₹ 15,999"
Galaxy M34 5G,128GB 8GB RAM,"₹ 17,950"
Galaxy A24 4G,128GB 4GB RAM,$ 183.50
Galaxy A24 4G,128GB 6GB RAM,£ 154.00
Galaxy F14,128GB 4GB RAM,"₹ 11,000"
Galaxy F14,128GB 6GB RAM,"₹ 11,279"
Galaxy A54,128GB 6GB RAM,$ 180.09
Galaxy A54,128GB 8GB RAM,$ 303.00
Galaxy A54,256GB 8GB RAM,$ 289.99
Galaxy A34,128GB 6GB RAM,$ 245.00
Galaxy A34,256GB 8GB RAM,$ 277.00
Galaxy A34,128GB 8GB RAM,"₹ 19,600"
Galaxy M14,128GB 4GB RAM,"₹ 10,990"
Galaxy M14,128GB 6GB RAM,"₹ 11,990"
Galaxy S23 Ultra,256GB 8GB RAM,$ 577.00
Galaxy S23 Ultra,256GB 12GB RAM,$ 936.90
Galaxy S23 Ultra,512GB 12GB RAM,$ 875.00
Galaxy S23+,256GB 8GB RAM,$ 567.15
Galaxy S23+,512GB 8GB RAM,$ 639.00
Galaxy S23,128GB 8GB RAM,$ 386.88
Galaxy S23,256GB 8GB RAM,$ 544.50
Galaxy A14,64GB 4GB RAM,$ 138.48
Galaxy A14,128GB 4GB RAM,$ 135.00
Galaxy A14,128GB 6GB RAM,€ 161.99
Galaxy A14 5G,64GB 4GB RAM,$ 79.99
Galaxy A14 5G,128GB 4GB RAM,$ 139.99
Galaxy A14 5G,128GB 6GB RAM,£ 179.49
Galaxy M04,64GB 4GB RAM,"₹ 6,299"
Galaxy M04,128GB 4GB RAM,"₹ 6,999"
Galaxy A04e,32GB 3GB RAM,$ 105.00
Galaxy A04e,64GB 3GB RAM,€ 109.00
Galaxy A04e,128GB 4GB RAM,"₹ 11,499"
Galaxy A04s,64GB 4GB RAM,$ 220.00
Galaxy A04s,128GB 4GB RAM,$ 195.99
Galaxy A04s,32GB 3GB RAM,€ 105.97
Galaxy A04,32GB 4GB RAM,$ 114.47
Galaxy A04,64GB 4GB RAM,$ 107.29
Galaxy A04,128GB 4GB RAM,$ 124.50
Galaxy Z Fold4,256GB 12GB RAM,$ 530.00
Galaxy Z Fold4,512GB 12GB RAM,$ 646.89
Galaxy Z Fold4,1TB 12GB RAM,"$ 1,049.97"
Galaxy Z Flip4,128GB 8GB RAM,$ 599.99
Galaxy Z Flip4,256GB 8GB RAM,$ 334.00
Galaxy Z Flip4,512GB 8GB RAM,$ 899.99
Galaxy A23 5G,64GB 4GB RAM,$ 129.99
Galaxy A23 5G,128GB 4GB RAM,$ 199.99
Galaxy A23 5G,128GB 6GB RAM,"₹ 15,998"
Galaxy M13 (India),64GB 4GB RAM,"₹ 9,799"
Galaxy M13 (India),128GB 6GB RAM,"₹ 11,590"
Galaxy A13 (SM-A137),128GB 4GB RAM,€ 206.00
Galaxy A13 (SM-A137),32GB 3GB RAM,€ 178.89
Galaxy A13 (SM-A137),64GB 4GB RAM,€ 166.78
Galaxy F13,64GB 4GB RAM,"₹ 7,899"
Galaxy F13,128GB 4GB RAM,"₹ 9,899"
Galaxy M13,64GB 4GB RAM,€ 144.52
Galaxy M13,128GB 4GB RAM,€ 198.99
Galaxy M53,128GB 8GB RAM,€ 258.32
Galaxy M53,128GB 6GB RAM,€ 355.01
Galaxy A73 5G,128GB 8GB RAM,$ 599.00
Galaxy A53 5G,128GB 4GB RAM,$ 380.00
Galaxy A53 5G,128GB 6GB RAM,$ 151.05
Galaxy A53 5G,128GB 8GB RAM,$ 499.00
Galaxy A33 5G,128GB 6GB RAM,$ 299.99
Galaxy A33 5G,128GB 8GB RAM,"₹ 16,999"
Galaxy F23,128GB 4GB RAM,"₹ 12,399"
Galaxy F23,128GB 6GB RAM,"₹ 13,999"
Galaxy M33,128GB 6GB RAM,€ 238.00
Galaxy M23,128GB 4GB RAM,€ 249.99
Galaxy A23,64GB 4GB RAM,$ 101.99
Galaxy A23,128GB 4GB RAM,$ 89.99
Galaxy A23,128GB 6GB RAM,€ 290.00
Galaxy A13,32GB 3GB RAM,$ 105.00
Galaxy A13,64GB 4GB RAM,$ 114.99
Galaxy A13,128GB 4GB RAM,$ 119.99
Galaxy S22 Ultra 5G,128GB 8GB RAM,$ 499.00
Galaxy S22 Ultra 5G,256GB 12GB RAM,$ 577.50
Galaxy S22 Ultra 5G,512GB 12GB RAM,$ 552.00
Galaxy S22+ 5G,128GB 8GB RAM,$ 359.94
Galaxy S22+ 5G,256GB 8GB RAM,$ 399.00
Galaxy S22 5G,128GB 8GB RAM,$ 274.48
Galaxy S22 5G,256GB 8GB RAM,$ 303.98
Galaxy S21 FE 5G,128GB 6GB RAM,$ 194.85
Galaxy S21 FE 5G,128GB 8GB RAM,$ 355.00
Galaxy S21 FE 5G,256GB 8GB RAM,$ 229.95
Galaxy A13 5G,64GB 4GB RAM,$ 95.63
Galaxy A03,32GB 3GB RAM,$ 89.97
Galaxy A03,64GB 4GB RAM,$ 95.00
Galaxy M52 5G,128GB 6GB RAM,€ 242.00
Galaxy M52 5G,128GB 8GB RAM,£ 324.99
Galaxy A03s,32GB 2GB RAM,$ 76.42
Galaxy A03s,64GB 4GB RAM,$ 159.99
Galaxy A03s,32GB 3GB RAM,€ 87.00
Galaxy A52s 5G,128GB 6GB RAM,$ 399.99
Galaxy Z Fold3 5G,256GB 12GB RAM,$ 362.00
Galaxy Z Fold3 5G,512GB 12GB RAM,$ 476.74
Galaxy Z Flip3 5G,128GB 8GB RAM,$ 189.80
Galaxy Z Flip3 5G,256GB 8GB RAM,$ 229.43
Galaxy A12 Nacho,32GB 3GB RAM,$ 149.99
Galaxy A12 Nacho,64GB 4GB RAM,$ 139.00
Galaxy A12 Nacho,128GB 4GB RAM,$ 220.00
Galaxy M32,128GB 6GB RAM,€ 196.25
Galaxy M32,64GB 4GB RAM,"₹ 10,999"
Galaxy A22 5G,128GB 8GB RAM,$ 179.99
Galaxy A22 5G,64GB 4GB RAM,€ 179.00
Galaxy A22 5G,128GB 6GB RAM,"₹ 13,999"
Galaxy A22,128GB 4GB RAM,$ 210.00
Galaxy A22,64GB 4GB RAM,€ 126.76
Galaxy A22,128GB 6GB RAM,"₹ 13,999"
Galaxy Tab A7 Lite,32GB 3GB RAM,$ 117.95
Galaxy M12,64GB 4GB RAM,$ 219.99
Galaxy M12,128GB 4GB RAM,€ 144.84
Galaxy A72,128GB 6GB RAM,$ 789.99
Galaxy A72,256GB 8GB RAM,$ 789.99
Galaxy A72,128GB 8GB RAM,"₹ 17,250"
Galaxy A52 5G,128GB 6GB RAM,$ 167.89
Galaxy A52 5G,256GB 8GB RAM,€ 363.99
Galaxy A52,128GB 4GB RAM,$ 165.50
Galaxy A52,128GB 6GB RAM,$ 182.44
Galaxy A52,256GB 8GB RAM,€ 399.99
Galaxy A32,128GB 4GB RAM,$ 319.99
Galaxy A32,128GB 6GB RAM,$ 349.00
Galaxy S21 Ultra 5G,128GB 12GB RAM,$ 311.45
Galaxy S21 Ultra 5G,256GB 12GB RAM,$ 429.90
Galaxy S21 Ultra 5G,512GB 16GB RAM,"$ 1,499.00"
Galaxy S21+ 5G,128GB 8GB RAM,$ 252.69
Galaxy S21+ 5G,256GB 8GB RAM,$ 324.00
Galaxy S21 5G,128GB 8GB RAM,$ 209.95
Galaxy S21 5G,256GB 8GB RAM,$ 278.00
Galaxy A32 5G,64GB 4GB RAM,$ 108.00
Galaxy A32 5G,128GB 4GB RAM,$ 365.99
Galaxy A32 5G,128GB 6GB RAM,$ 279.99
Galaxy A12,32GB 3GB RAM,$ 91.00
Galaxy A12,64GB 4GB RAM,$ 174.44
Galaxy A12,128GB 4GB RAM,€ 287.97
Galaxy A02,32GB 2GB RAM,$ 149.99
Galaxy A02,32GB 3GB RAM,$ 79.99
Galaxy A02,64GB 3GB RAM,$ 125.00
Galaxy A02s,32GB 2GB RAM,$ 72.00
Galaxy A02s,32GB 3GB RAM,€ 127.64
Galaxy S20 FE 5G,128GB 6GB RAM,$ 189.00
Galaxy S20 FE 5G,128GB 8GB RAM,$ 479.97
Galaxy S20 FE 5G,256GB 8GB RAM,$ 339.99
Galaxy A42 5G,128GB 4GB RAM,$ 149.97
Galaxy Note20 Ultra 5G,128GB 12GB RAM,$ 373.75
Galaxy Note20 Ultra 5G,256GB 8GB RAM,$ 630.00
Galaxy Note20 Ultra 5G,256GB 12GB RAM,$ 779.46
Galaxy Note20 5G,128GB 8GB RAM,$ 249.00
Galaxy Note20 5G,256GB 8GB RAM,€ 499.95
Galaxy Watch3,8GB 1GB RAM,$ 103.95
Galaxy A71 5G,128GB 6GB RAM,$ 152.89
Galaxy A71 5G,128GB 8GB RAM,£ 344.00
Galaxy A51 5G,128GB 6GB RAM,$ 89.00
Galaxy M11,32GB 3GB RAM,€ 137.13
Galaxy M11,64GB 4GB RAM,"₹ 9,999"
Galaxy A31,64GB 4GB RAM,€ 126.00
Galaxy A31,128GB 4GB RAM,€ 323.06
Galaxy S20 Ultra 5G,128GB 12GB RAM,$ 294.00
Galaxy S20 Ultra 5G,256GB 12GB RAM,€ 529.00
Galaxy S20+ 5G,128GB 8GB RAM,$ 229.00
Galaxy S20+ 5G,128GB 12GB RAM,$ 400.00
Galaxy S20+ 5G,512GB 12GB RAM,€ 599.99
Galaxy S20 5G,128GB 8GB RAM,$ 189.00
Galaxy S20 5G,128GB 12GB RAM,$ 238.00
Galaxy A71,128GB 6GB RAM,$ 132.94
Galaxy A71,128GB 8GB RAM,€ 180.10
Galaxy A51,128GB 4GB RAM,$ 139.99
Galaxy A51,128GB 6GB RAM,€ 174.11
Galaxy A51,64GB 4GB RAM,C$ 399.00
Galaxy Note10+,256GB 12GB RAM,$ 274.95
Galaxy Note10+,512GB 12GB RAM,$ 358.32
Galaxy S10+,128GB 8GB RAM,$ 274.73
Galaxy S10+,512GB 8GB RAM,$ 279.99
Galaxy S10+,1TB 12GB RAM,$ 499.00
Galaxy S10,128GB 8GB RAM,$ 294.00
Galaxy S10,512GB 8GB RAM,$ 449.97
Galaxy S10,128GB 6GB RAM,C$ 549.00
Galaxy S10e,128GB 6GB RAM,$ 123.48
Galaxy S10e,256GB 8GB RAM,$ 165.00
Galaxy S9+,64GB 4GB RAM,$ 222.95
Galaxy S9+,64GB 6GB RAM,$ 159.99
Galaxy S9+,128GB 6GB RAM,€ 299.99
Galaxy S9,64GB 4GB RAM,$ 149.99
Xperia 5 V,256GB 8GB RAM,$ 798.00
Xperia 5 V,128GB 8GB RAM,€ 849.90
Xperia 1 V,256GB 12GB RAM,$ 899.98
Xperia 1 V,512GB 12GB RAM,$ 949.99
Xperia 10 V,128GB 8GB RAM,$ 339.99
Xperia 10 V,128GB 6GB RAM,€ 323.81
Xperia 5 IV,128GB 8GB RAM,$ 798.00
Xperia 5 IV,256GB 8GB RAM,$ 669.99
Xperia 1 IV,256GB 12GB RAM,$ 739.95
Xperia 1 IV,512GB 12GB RAM,$ 779.99
Xperia 1 III,256GB 12GB RAM,$ 904.00
Xperia 1 III,512GB 12GB RAM,$ 850.00
Xperia 5 III,128GB 8GB RAM,$ 550.00
Xperia 5 III,256GB 8GB RAM,$ 399.99
Xperia 10 III,128GB 6GB RAM,$ 789.00
Redmi Note 13 Pro 4G,256GB 8GB RAM,$ 299.00
Redmi Note 13 Pro 4G,512GB 12GB RAM,€ 308.99
Redmi Note 13 4G,128GB 6GB RAM,$ 196.03
Redmi Note 13 4G,256GB 8GB RAM,$ 220.49
Redmi Note 13 Pro+,512GB 12GB RAM,$ 450.00
Redmi Note 13 Pro+,256GB 8GB RAM,€ 418.75
Redmi Note 13 Pro+,256GB 12GB RAM,$ 357.00
Redmi Note 13 Pro,256GB 8GB RAM,$ 346.49
Redmi Note 13 Pro,512GB 12GB RAM,$ 389.50
Redmi Note 13 Pro,128GB 8GB RAM,"₹ 24,729"
Redmi Note 13,128GB 6GB RAM,$ 299.99
Redmi Note 13,256GB 8GB RAM,$ 309.99
Redmi Note 13,256GB 12GB RAM,"₹ 21,999"
Poco X6 Pro,256GB 8GB RAM,$ 369.85
Poco X6 Pro,512GB 12GB RAM,$ 439.99
Poco X6,256GB 8GB RAM,$ 304.99
Poco X6,256GB 12GB RAM,$ 329.99
Poco X6,512GB 12GB RAM,$ 399.90
Poco M6 Pro,256GB 8GB RAM,$ 239.99
Poco M6 Pro,512GB 12GB RAM,$ 271.98
Poco M6,128GB 4GB RAM,"₹ 10,149"
Poco M6,128GB 6GB RAM,"₹ 10,990"
Poco M6,256GB 8GB RAM,"₹ 13,189"
Redmi 13C 5G,128GB 4GB RAM,"₹ 10,999"
Redmi 13C 5G,128GB 6GB RAM,"₹ 12,499"
Redmi 13C 5G,256GB 8GB RAM,"₹ 14,499"
Redmi 13C,128GB 4GB RAM,$ 130.70
Redmi 13C,128GB 6GB RAM,$ 169.99
Redmi 13C,256GB 8GB RAM,$ 164.99
Poco C65,128GB 4GB RAM,"₹ 8,079"
Poco C65,128GB 6GB RAM,$ 109.00
Poco C65,256GB 8GB RAM,$ 110.00
13T Pro,512GB 12GB RAM,$ 672.50
13T Pro,256GB 12GB RAM,"$ 1,000.00"
13T Pro,1TB 16GB RAM,€ 915.73
13T,256GB 8GB RAM,$ 467.00
13T,256GB 12GB RAM,$ 474.50
Poco M6 Pro 5G,64GB 4GB RAM,"₹ 11,899"
Poco M6 Pro 5G,128GB 4GB RAM,"₹ 10,699"
Poco M6 Pro 5G,128GB 6GB RAM,"₹ 11,999"
Redmi 12 5G,128GB 6GB RAM,"₹ 11,999"
Redmi 12 5G,256GB 8GB RAM,"₹ 14,599"
Redmi 12 5G,128GB 4GB RAM,€ 159.99
Redmi 12,128GB 4GB RAM,$ 144.87
Redmi 12,128GB 8GB RAM,$ 169.99
Redmi 12,256GB 8GB RAM,$ 164.69
Poco F5 Pro,256GB 12GB RAM,$ 498.50
Poco F5 Pro,512GB 12GB RAM,$ 499.99
Poco F5,256GB 8GB RAM,$ 381.50
Poco F5,256GB 12GB RAM,$ 394.00
13 Ultra,256GB 12GB RAM,$ 845.00
13 Ultra,1TB 16GB RAM,"$ 1,199.99"
Poco C51,64GB 4GB RAM,"₹ 5,499"
Poco C51,128GB 6GB RAM,"₹ 5,999"
Redmi Note 12S,256GB 8GB RAM,$ 193.70
Redmi Note 12S,128GB 6GB RAM,€ 187.99
Redmi Note 12 Pro 4G,128GB 6GB RAM,$ 219.00
Redmi Note 12 Pro 4G,256GB 8GB RAM,$ 259.99
Redmi Note 12 Pro 4G,128GB 8GB RAM,€ 264.99
Redmi A2+,32GB 2GB RAM,$ 89.91
Redmi A2+,64GB 4GB RAM,"₹ 6,499"
Redmi A2+,128GB 4GB RAM,"₹ 7,799"
Redmi A2,32GB 2GB RAM,$ 79.00
Redmi A2,64GB 2GB RAM,$ 78.47
Redmi A2,64GB 3GB RAM,€ 87.08
Redmi Note 12 4G,128GB 4GB RAM,$ 155.70
Redmi Note 12 4G,128GB 6GB RAM,$ 179.99
Redmi Note 12 4G,128GB 8GB RAM,$ 209.99
13 Pro,256GB 12GB RAM,"$ 1,149.99"
13,256GB 12GB RAM,"$ 1,049.99"
13,512GB 12GB RAM,$ 663.14
13,256GB 8GB RAM,€ 713.79
13 Lite,128GB 8GB RAM,$ 399.00
13 Lite,256GB 8GB RAM,$ 429.00
Poco C55,64GB 4GB RAM,"₹ 6,299"
Poco C55,128GB 6GB RAM,"₹ 7,299"
Poco X5 Pro,256GB 8GB RAM,$ 304.50
Poco X5 Pro,128GB 6GB RAM,$ 250.70
Poco X5,128GB 6GB RAM,$ 249.92
Poco X5,256GB 8GB RAM,$ 247.00
Redmi Note 12,128GB 4GB RAM,$ 249.99
Redmi Note 12,128GB 6GB RAM,$ 202.50
Redmi Note 12,256GB 8GB RAM,$ 229.50
Redmi 12C,64GB 3GB RAM,$ 104.50
Redmi 12C,128GB 4GB RAM,$ 124.50
Redmi 12C,128GB 6GB RAM,$ 138.70
Redmi Note 12 Pro+,256GB 8GB RAM,$ 371.50
Redmi Note 12 Pro+,256GB 12GB RAM,"₹ 30,999"
Redmi Note 12 Pro,128GB 6GB RAM,$ 234.99
Redmi Note 12 Pro,128GB 8GB RAM,$ 250.00
Redmi Note 12 Pro,256GB 8GB RAM,$ 313.50
12T Pro,256GB 8GB RAM,€ 375.99
12T Pro,256GB 12GB RAM,€ 500.99
12T,128GB 8GB RAM,€ 379.73
12T,256GB 8GB RAM,€ 397.38
Redmi A1+,32GB 2GB RAM,€ 93.83
Redmi A1+,32GB 3GB RAM,"₹ 6,499"
Redmi A1,32GB 2GB RAM,$ 87.00
Poco M5s,128GB 4GB RAM,$ 174.99
Poco M5s,256GB 8GB RAM,$ 195.50
Poco M5s,64GB 4GB RAM,$ 123.00
Poco M5,128GB 4GB RAM,$ 164.99
Poco M5,128GB 6GB RAM,$ 129.99
Poco M5,64GB 4GB RAM,$ 131.20
Poco M4 5G,64GB 4GB RAM,$ 189.84
Poco M4 5G,128GB 6GB RAM,$ 164.00
Redmi K50i,128GB 6GB RAM,"₹ 16,999"
Redmi K50i,256GB 8GB RAM,"₹ 19,999"
12 Lite,128GB 6GB RAM,$ 335.00
12 Lite,128GB 8GB RAM,$ 349.99
12 Lite,256GB 8GB RAM,$ 354.50
12S Ultra,256GB 12GB RAM,$ 719.04
Poco F4,128GB 6GB RAM,$ 329.99
Poco F4,256GB 8GB RAM,$ 269.88
Poco F4,128GB 8GB RAM,"₹ 19,999"
Poco X4 GT,128GB 8GB RAM,$ 299.20
Poco X4 GT,256GB 8GB RAM,$ 311.00
Poco C40,64GB 4GB RAM,$ 99.97
Poco C40,32GB 3GB RAM,$ 86.70
Poco F4 GT,128GB 8GB RAM,€ 369.99
Poco F4 GT,256GB 12GB RAM,€ 506.59
Redmi 10A,32GB 2GB RAM,$ 129.76
Redmi 10A,64GB 3GB RAM,$ 117.00
Redmi 10A,64GB 4GB RAM,$ 128.97
Redmi Note 11S 5G,128GB 4GB RAM,$ 229.99
Redmi Note 11S 5G,64GB 4GB RAM,€ 157.62
Redmi Note 11S 5G,128GB 6GB RAM,€ 178.78
Redmi 10 5G,64GB 4GB RAM,$ 144.00
Redmi 10 5G,128GB 4GB RAM,$ 141.34
Redmi 10 5G,128GB 6GB RAM,$ 160.58
Redmi Note 11 Pro+ 5G,128GB 6GB RAM,$ 299.99
Redmi Note 11 Pro+ 5G,128GB 8GB RAM,$ 359.99
Redmi Note 11 Pro+ 5G,256GB 8GB RAM,$ 277.00
12 Pro,256GB 12GB RAM,$ 595.00
12 Pro,256GB 8GB RAM,$ 551.77
12,128GB 8GB RAM,$ 183.58
12,256GB 8GB RAM,$ 415.05
12,256GB 12GB RAM,$ 492.09
12X,128GB 8GB RAM,$ 429.99
12X,256GB 8GB RAM,$ 649.00
Redmi 10C,64GB 3GB RAM,$ 79.99
Redmi 10C,64GB 4GB RAM,$ 149.99
Redmi 10C,128GB 4GB RAM,€ 131.99
Poco X4 Pro 5G,128GB 6GB RAM,$ 219.50
Poco X4 Pro 5G,256GB 8GB RAM,$ 249.99
Poco X4 Pro 5G,64GB 6GB RAM,"₹ 12,990"
Poco M4 Pro,128GB 6GB RAM,€ 124.40
Poco M4 Pro,256GB 8GB RAM,€ 236.83
Redmi 10 2022,64GB 4GB RAM,$ 115.81
Redmi 10 2022,128GB 4GB RAM,$ 133.80
Redmi 10 2022,128GB 6GB RAM,$ 154.99
Redmi Note 11 Pro 5G,64GB 6GB RAM,$ 275.98
Redmi Note 11 Pro 5G,128GB 6GB RAM,$ 220.41
Redmi Note 11 Pro 5G,128GB 8GB RAM,$ 278.50
Redmi Note 11 Pro,64GB 6GB RAM,$ 229.99
Redmi Note 11 Pro,128GB 6GB RAM,$ 223.00
Redmi Note 11 Pro,128GB 8GB RAM,$ 269.50
Redmi Note 11S,64GB 6GB RAM,$ 179.99
Redmi Note 11S,128GB 6GB RAM,$ 154.47
Redmi Note 11S,128GB 8GB RAM,$ 219.00
Redmi Note 11,128GB 4GB RAM,$ 96.99
Redmi Note 11,128GB 6GB RAM,$ 177.00
Redmi Note 11,64GB 4GB RAM,€ 120.46
11i,128GB 6GB RAM,"₹ 19,999"
11i,128GB 8GB RAM,"₹ 20,999"
Redmi Note 11T 5G,64GB 6GB RAM,"₹ 11,999"
Redmi Note 11T 5G,128GB 6GB RAM,"₹ 12,999"
Redmi Note 11T 5G,128GB 8GB RAM,"₹ 14,999"
Redmi Note 11 4G,128GB 4GB RAM,$ 161.99
Poco M4 Pro 5G,64GB 4GB RAM,$ 138.00
Poco M4 Pro 5G,128GB 6GB RAM,€ 256.03
Poco M4 Pro 5G,128GB 8GB RAM,"₹ 14,490"
11T Pro,128GB 8GB RAM,€ 269.32
11T Pro,256GB 8GB RAM,€ 243.16
11T,256GB 8GB RAM,$ 399.99
11T,128GB 8GB RAM,$ 309.20
11 Lite 5G NE,128GB 6GB RAM,€ 173.09
11 Lite 5G NE,128GB 8GB RAM,€ 224.63
11 Lite 5G NE,256GB 8GB RAM,£ 364.94
Redmi 10,64GB 4GB RAM,$ 113.99
Redmi 10,128GB 4GB RAM,$ 64.99
Redmi 10,128GB 6GB RAM,$ 141.99
Poco X3 GT,256GB 8GB RAM,$ 270.00
Poco X3 GT,128GB 8GB RAM,€ 283.05
Poco F3 GT,128GB 6GB RAM,"₹ 19,498"
Poco F3 GT,128GB 8GB RAM,"₹ 17,999"
Poco F3 GT,256GB 8GB RAM,"₹ 14,985"
Poco M3 Pro 5G,64GB 4GB RAM,$ 169.00
Poco M3 Pro 5G,128GB 6GB RAM,$ 145.00
Mi 11X Pro,128GB 8GB RAM,"₹ 23,499"
Mi 11X,128GB 6GB RAM,"₹ 16,499"
Mi 11X,128GB 8GB RAM,"₹ 18,999"
Mi 11 Pro,256GB 8GB RAM,£ 379.00
Mi 11i,128GB 8GB RAM,€ 243.59
Mi 11i,256GB 8GB RAM,€ 201.20
Mi 11 Lite 5G,128GB 6GB RAM,$ 299.99
Mi 11 Lite 5G,128GB 8GB RAM,$ 384.54
Mi 11 Lite,128GB 6GB RAM,$ 299.00
Mi 11 Lite,128GB 8GB RAM,$ 299.99
Mi 11 Lite,64GB 6GB RAM,€ 157.99
Poco X3 Pro,128GB 6GB RAM,$ 199.99
Poco X3 Pro,256GB 8GB RAM,$ 285.40
Poco X3 Pro,128GB 8GB RAM,"₹ 11,920"
Poco F3,128GB 6GB RAM,$ 223.20
Poco F3,256GB 8GB RAM,$ 229.00
Redmi Note 10 Pro,128GB 6GB RAM,$ 239.00
Redmi Note 10 Pro,64GB 6GB RAM,€ 110.24
Redmi Note 10 Pro,128GB 8GB RAM,€ 220.00
Redmi Note 10 5G,64GB 4GB RAM,$ 157.40
Redmi Note 10 5G,128GB 4GB RAM,€ 121.99
Redmi Note 10 5G,128GB 8GB RAM,$ 196.47
Redmi Note 10S,128GB 6GB RAM,$ 186.48
Redmi Note 10S,64GB 6GB RAM,€ 158.00
Redmi Note 10S,128GB 8GB RAM,"₹ 12,999"
Redmi Note 10,64GB 4GB RAM,€ 110.99
Redmi Note 10,128GB 6GB RAM,"₹ 9,499"
Redmi Note 10,128GB 4GB RAM,€ 123.99
Redmi Note 9T,64GB 4GB RAM,€ 169.99
Redmi Note 9T,128GB 4GB RAM,€ 144.42
Redmi 9T,64GB 4GB RAM,$ 129.99
Mi 11,256GB 8GB RAM,€ 277.14
Mi 11,128GB 8GB RAM,€ 411.98
Poco M3,128GB 4GB RAM,$ 180.00
Poco M3,64GB 4GB RAM,€ 149.99
Poco M3,64GB 6GB RAM,"₹ 6,799"
Poco C3,64GB 4GB RAM,"₹ 6,900"
Mi 10T Pro 5G,128GB 8GB RAM,€ 209.91
Mi 10T Pro 5G,256GB 8GB RAM,€ 206.19
Mi 10T 5G,128GB 6GB RAM,$ 249.99
Mi 10T 5G,128GB 8GB RAM,$ 323.99
Poco M2,64GB 6GB RAM,"₹ 5,999"
Poco M2,128GB 6GB RAM,"₹ 7,899"
Poco X3,64GB 6GB RAM,€ 160.96
Poco X3,128GB 6GB RAM,€ 224.00
Poco X3,128GB 8GB RAM,"₹ 18,490"
Poco X3 NFC,128GB 6GB RAM,$ 269.99
Redmi 9 Prime,64GB 4GB RAM,"₹ 7,800"
Redmi 9A,32GB 2GB RAM,$ 149.83
Redmi 9A,64GB 4GB RAM,$ 108.00
Redmi 9A,128GB 6GB RAM,$ 99.90
Redmi 9C,64GB 3GB RAM,$ 149.99
Redmi 9C,128GB 4GB RAM,$ 147.61
Redmi 9C,32GB 2GB RAM,€ 93.34
Redmi 9,64GB 4GB RAM,$ 149.99
Redmi 9,32GB 3GB RAM,£ 196.62
Redmi 9,128GB 4GB RAM,$ 127.35
Poco F2 Pro,128GB 6GB RAM,€ 242.53
Redmi Note 9 Pro,64GB 6GB RAM,€ 160.68
Redmi Note 9 Pro,128GB 6GB RAM,€ 139.99
Redmi Note 9,64GB 3GB RAM,€ 102.99
Redmi Note 9,128GB 4GB RAM,$ 105.30
Redmi Note 9,64GB 4GB RAM,"₹ 6,999"
Mi Note 10 Lite,64GB 6GB RAM,$ 199.99
Mi Note 10 Lite,128GB 8GB RAM,$ 199.99
Mi Note 10 Lite,128GB 6GB RAM,€ 168.02
Redmi Note 9S,128GB 6GB RAM,$ 149.50
Redmi Note 9S,64GB 4GB RAM,€ 111.99
Mi 10 5G,128GB 8GB RAM,€ 189.99
Mi 10 5G,256GB 8GB RAM,€ 245.23
Poco X2,64GB 6GB RAM,"₹ 8,999"
Poco X2,128GB 6GB RAM,"₹ 10,299"
Poco X2,256GB 8GB RAM,"₹ 18,590"
Mi 9T Pro,64GB 6GB RAM,€ 153.09
Mi 9T Pro,128GB 6GB RAM,€ 284.60
nubia Z50S Pro,256GB 12GB RAM,$ 579.00
nubia Z50S Pro,1TB 12GB RAM,£ 679.00
Axon 40 Ultra,128GB 8GB RAM,$ 818.87
nubia Red Magic 6,128GB 8GB RAM,$ 890.00
nubia Red Magic 5G,128GB 8GB RAM,$ 890.00
nubia Red Magic 5G,128GB 12GB RAM,$ 879.00
